candidate_id,rank,score,reasoning
CAND_0007460,1,0.7889,"Strong fit: AI Engineer at Salesforce with 4.7 years of experience; strongest on Adjacent ML (CV/Speech), Ranking & Eval Rigor; 11 core retrieval/ranking/LLM skills listed. describes production deployment, not just experimentation; availability concern: 120d notice period; based in Pune, Maharashtra (JD-preferred location)."
CAND_0064326,2,0.7809,"Strong fit: Search Engineer at Sarvam AI with 7.6 years of experience; strongest on Retrieval & IR, Ranking & Eval Rigor; 6 core retrieval/ranking/LLM skills listed. explicit evaluation-rigor language in career history (A/B testing, offline-online correlation, or similar); describes production deployment, not just experimentation; based in Gurgaon, Haryana (Tier-1 India city)."
CAND_0052328,3,0.7768,"Strong fit: Recommendation Systems Engineer at Amazon with 6.5 years of experience; strongest on Adjacent ML (CV/Speech), Ranking & Eval Rigor; 8 core retrieval/ranking/LLM skills listed. explicit evaluation-rigor language in career history (A/B testing, offline-online correlation, or similar); describes production deployment, not just experimentation; SPDR projects meaningful growth toward the role over 6 months (fit 0.65 -> 0.74); limited evidence of Python & Systems Engineering, Vector / Hybrid Search Infra, a JD must-have; based in Pune, Maharashtra (JD-preferred location)."
CAND_0018499,4,0.7667,"Strong fit: Senior Machine Learning Engineer at Zomato with 7.2 years of experience; strongest on Retrieval & IR, Ranking & Eval Rigor; 11 core retrieval/ranking/LLM skills listed. explicit evaluation-rigor language in career history (A/B testing, offline-online correlation, or similar); describes production deployment, not just experimentation; limited evidence of Python & Systems Engineering, Vector / Hybrid Search Infra, a JD must-have; based in Noida, Uttar Pradesh (JD-preferred location)."
CAND_0009024,5,0.7508,"Strong fit: Search Engineer at Google with 5.2 years of experience; strongest on Retrieval & IR, Adjacent ML (CV/Speech); 7 core retrieval/ranking/LLM skills listed. describes production deployment, not just experimentation; limited evidence of Python & Systems Engineering, a JD must-have; based in Chennai, Tamil Nadu (Tier-1 India city)."
CAND_0012957,6,0.7416,"Solid fit: Search Engineer at Razorpay (4.9 yrs); strongest on Retrieval & IR, Adjacent ML (CV/Speech); 7 core retrieval/ranking/LLM skills listed. describes production deployment, not just experimentation; availability concern: not flagged open-to-work; 120d notice period; based in Chennai, Tamil Nadu (Tier-1 India city)."
CAND_0095619,7,0.7402,"Solid fit: NLP Engineer at Nykaa (15.6 yrs); strongest on Adjacent ML (CV/Speech), Retrieval & IR; 10 core retrieval/ranking/LLM skills listed. explicit evaluation-rigor language in career history (A/B testing, offline-online correlation, or similar); describes production deployment, not just experimentation; SPDR projects meaningful growth toward the role over 6 months (fit 0.69 -> 0.77); limited evidence of Vector / Hybrid Search Infra, a JD must-have; based in Mumbai, Maharashtra (Tier-1 India city)."
CAND_0041669,8,0.7319,"Solid fit: Recommendation Systems Engineer at CRED (8.0 yrs); strongest on Adjacent ML (CV/Speech), Retrieval & IR; 10 core retrieval/ranking/LLM skills listed. explicit evaluation-rigor language in career history (A/B testing, offline-online correlation, or similar); describes production deployment, not just experimentation; limited evidence of Vector / Hybrid Search Infra, a JD must-have; based in Noida, Uttar Pradesh (JD-preferred location)."
CAND_0081846,9,0.7259,"Solid fit: Lead AI Engineer at Razorpay (6.7 yrs); strongest on Retrieval & IR, Ranking & Eval Rigor; 11 core retrieval/ranking/LLM skills listed. explicit evaluation-rigor language in career history (A/B testing, offline-online correlation, or similar); limited evidence of Python & Systems Engineering, a JD must-have; based in Jaipur, Rajasthan, willing to relocate."
CAND_0007009,10,0.7218,"Solid fit: Recommendation Systems Engineer at Wysa (7.9 yrs); strongest on Retrieval & IR, LLM Fine-tuning & Adaptation; 11 core retrieval/ranking/LLM skills listed. explicit evaluation-rigor language in career history (A/B testing, offline-online correlation, or similar); describes production deployment, not just experimentation; SPDR projects meaningful growth toward the role over 6 months (fit 0.70 -> 0.79); limited evidence of Python & Systems Engineering, Vector / Hybrid Search Infra, a JD must-have; availability concern: inactive for 97d; based in Noida, Uttar Pradesh (JD-preferred location)."
CAND_0054394,11,0.7198,"Solid fit: Recommendation Systems Engineer at PharmEasy (4.1 yrs); strongest on Retrieval & IR, Ranking & Eval Rigor; 6 core retrieval/ranking/LLM skills listed. describes production deployment, not just experimentation; SPDR projects meaningful growth toward the role over 6 months (fit 0.59 -> 0.70); limited evidence of Python & Systems Engineering, Vector / Hybrid Search Infra, a JD must-have; based in Pune, Maharashtra (JD-preferred location)."
CAND_0050454,12,0.7171,"Solid fit: AI Engineer at Rephrase.ai (6.8 yrs); strongest on Retrieval & IR, LLM Fine-tuning & Adaptation; 9 core retrieval/ranking/LLM skills listed. describes production deployment, not just experimentation; limited evidence of Python & Systems Engineering, a JD must-have; based in Delhi, Delhi (Tier-1 India city)."
CAND_0068811,13,0.7154,"Solid fit: Applied ML Engineer at Freshworks (8.0 yrs); strongest on Adjacent ML (CV/Speech), Retrieval & IR; 9 core retrieval/ranking/LLM skills listed. explicit evaluation-rigor language in career history (A/B testing, offline-online correlation, or similar); describes production deployment, not just experimentation; SPDR projects meaningful growth toward the role over 6 months (fit 0.59 -> 0.69); limited evidence of Vector / Hybrid Search Infra, a JD must-have; based in Pune, Maharashtra (JD-preferred location)."
CAND_0030953,14,0.7146,"Solid fit: Search Engineer at Nykaa (7.8 yrs); strongest on Adjacent ML (CV/Speech), Retrieval & IR; 7 core retrieval/ranking/LLM skills listed. explicit evaluation-rigor language in career history (A/B testing, offline-online correlation, or similar); describes production deployment, not just experimentation; availability concern: not flagged open-to-work; based in Chennai, Tamil Nadu (Tier-1 India city)."
CAND_0027691,15,0.7087,"Solid fit: NLP Engineer at Haptik (6.5 yrs); strongest on Retrieval & IR, Adjacent ML (CV/Speech); 8 core retrieval/ranking/LLM skills listed. describes production deployment, not just experimentation; SPDR projects meaningful growth toward the role over 6 months (fit 0.59 -> 0.68); limited evidence of Ranking & Eval Rigor, Python & Systems Engineering, Vector / Hybrid Search Infra, a JD must-have; based in Pune, Maharashtra (JD-preferred location)."
CAND_0054546,16,0.7086,"Solid fit: AI Research Engineer at Razorpay (4.9 yrs); strongest on Applied ML Core, Adjacent ML (CV/Speech); 6 core retrieval/ranking/LLM skills listed. describes production deployment, not just experimentation; SPDR projects meaningful growth toward the role over 6 months (fit 0.60 -> 0.69); limited evidence of Ranking & Eval Rigor, Python & Systems Engineering, a JD must-have; availability concern: 90d notice period; based in Pune, Maharashtra (JD-preferred location)."
CAND_0036437,17,0.6953,"Solid fit: Search Engineer at Rephrase.ai (4.8 yrs); strongest on Retrieval & IR, Vector / Hybrid Search Infra; 7 core retrieval/ranking/LLM skills listed. explicit evaluation-rigor language in career history (A/B testing, offline-online correlation, or similar); describes production deployment, not just experimentation; availability concern: not flagged open-to-work; based in Kolkata, West Bengal, willing to relocate."
CAND_0046459,18,0.6903,"Solid fit: AI Research Engineer at upGrad (4.5 yrs); strongest on Retrieval & IR, Applied ML Core; 5 core retrieval/ranking/LLM skills listed. describes production deployment, not just experimentation; SPDR projects meaningful growth toward the role over 6 months (fit 0.58 -> 0.66); limited evidence of Ranking & Eval Rigor, Python & Systems Engineering, a JD must-have; based in Pune, Maharashtra (JD-preferred location)."
CAND_0061339,19,0.6902,"Solid fit: Search Engineer at Rephrase.ai (4.2 yrs); strongest on Retrieval & IR, Ranking & Eval Rigor; 7 core retrieval/ranking/LLM skills listed. explicit evaluation-rigor language in career history (A/B testing, offline-online correlation, or similar); describes production deployment, not just experimentation; limited evidence of Python & Systems Engineering, a JD must-have; availability concern: 90d notice period; based in Chandigarh, Chandigarh, willing to relocate."
CAND_0006557,20,0.6847,"Solid fit: NLP Engineer at Paytm (7.9 yrs); strongest on Retrieval & IR, Ranking & Eval Rigor; 12 core retrieval/ranking/LLM skills listed. explicit evaluation-rigor language in career history (A/B testing, offline-online correlation, or similar); describes production deployment, not just experimentation; limited evidence of Vector / Hybrid Search Infra, a JD must-have; availability concern: 120d notice period; based in Jaipur, Rajasthan, willing to relocate."
CAND_0046525,21,0.6843,"Solid fit: Senior Machine Learning Engineer at Genpact AI (6.1 yrs); strongest on Retrieval & IR, Adjacent ML (CV/Speech); 9 core retrieval/ranking/LLM skills listed. explicit evaluation-rigor language in career history (A/B testing, offline-online correlation, or similar); SPDR projects meaningful growth toward the role over 6 months (fit 0.57 -> 0.66); limited evidence of Python & Systems Engineering, Vector / Hybrid Search Infra, a JD must-have; based in Pune, Maharashtra (JD-preferred location)."
CAND_0041610,22,0.6799,"Solid fit: Recommendation Systems Engineer at Zoho (6.7 yrs); strongest on Ranking & Eval Rigor, Adjacent ML (CV/Speech); 9 core retrieval/ranking/LLM skills listed. explicit evaluation-rigor language in career history (A/B testing, offline-online correlation, or similar); describes production deployment, not just experimentation; SPDR projects meaningful growth toward the role over 6 months (fit 0.65 -> 0.76); limited evidence of Vector / Hybrid Search Infra, a JD must-have; based in Indore, Madhya Pradesh, willing to relocate."
CAND_0063585,23,0.6769,"Solid fit: AI Research Engineer at Observe.AI (3.1 yrs); strongest on Applied ML Core, Ranking & Eval Rigor; 5 core retrieval/ranking/LLM skills listed. describes production deployment, not just experimentation; SPDR projects meaningful growth toward the role over 6 months (fit 0.57 -> 0.66); limited evidence of Python & Systems Engineering, Vector / Hybrid Search Infra, a JD must-have; availability concern: 120d notice period; based in Noida, Uttar Pradesh (JD-preferred location)."
CAND_0042506,24,0.6768,"Solid fit: Search Engineer at Verloop.io (4.2 yrs); strongest on Retrieval & IR, Adjacent ML (CV/Speech); 9 core retrieval/ranking/LLM skills listed. explicit evaluation-rigor language in career history (A/B testing, offline-online correlation, or similar); describes production deployment, not just experimentation; limited evidence of Ranking & Eval Rigor, Python & Systems Engineering, a JD must-have; based in Mumbai, Maharashtra (Tier-1 India city)."
CAND_0078492,25,0.6751,"Solid fit: Recommendation Systems Engineer at Verloop.io (5.1 yrs); strongest on Adjacent ML (CV/Speech), Ranking & Eval Rigor; 9 core retrieval/ranking/LLM skills listed. describes production deployment, not just experimentation; SPDR projects meaningful growth toward the role over 6 months (fit 0.65 -> 0.75); limited evidence of Vector / Hybrid Search Infra, a JD must-have; based in Kochi, Kerala, willing to relocate."
CAND_0009691,26,0.6689,"Solid fit: Applied ML Engineer at LinkedIn (6.2 yrs); strongest on Retrieval & IR, Adjacent ML (CV/Speech); 10 core retrieval/ranking/LLM skills listed. describes production deployment, not just experimentation; SPDR projects meaningful growth toward the role over 6 months (fit 0.67 -> 0.75); limited evidence of Python & Systems Engineering, Vector / Hybrid Search Infra, a JD must-have; availability concern: 120d notice period; based in Indore, Madhya Pradesh, willing to relocate."
CAND_0057563,27,0.6688,"Solid fit: NLP Engineer at Locobuzz (6.8 yrs); strongest on Retrieval & IR, LLM Fine-tuning & Adaptation; 6 core retrieval/ranking/LLM skills listed. describes production deployment, not just experimentation; SPDR projects meaningful growth toward the role over 6 months (fit 0.66 -> 0.75); limited evidence of Vector / Hybrid Search Infra, a JD must-have; availability concern: not flagged open-to-work; based in Indore, Madhya Pradesh, willing to relocate."
CAND_0030348,28,0.6686,"Solid fit: Machine Learning Engineer at BYJU'S (4.5 yrs); strongest on Retrieval & IR, Adjacent ML (CV/Speech); 6 core retrieval/ranking/LLM skills listed. describes production deployment, not just experimentation; SPDR projects meaningful growth toward the role over 6 months (fit 0.55 -> 0.65); limited evidence of Python & Systems Engineering, Vector / Hybrid Search Infra, a JD must-have; based in Noida, Uttar Pradesh (JD-preferred location)."
CAND_0040506,29,0.6685,"Solid fit: AI Research Engineer at Glance (3.9 yrs); strongest on Retrieval & IR, Applied ML Core; 5 core retrieval/ranking/LLM skills listed. describes production deployment, not just experimentation; limited evidence of Ranking & Eval Rigor, Python & Systems Engineering, a JD must-have; availability concern: not flagged open-to-work; based in Bangalore, Karnataka (Tier-1 India city)."
CAND_0086022,30,0.6679,"Solid fit: Senior Applied Scientist at Sarvam AI (5.3 yrs); strongest on Retrieval & IR, Applied ML Core; 12 core retrieval/ranking/LLM skills listed. explicit evaluation-rigor language in career history (A/B testing, offline-online correlation, or similar); SPDR projects meaningful growth toward the role over 6 months (fit 0.64 -> 0.74); limited evidence of Python & Systems Engineering, Vector / Hybrid Search Infra, a JD must-have; based in Kolkata, West Bengal, willing to relocate."
CAND_0019480,31,0.6667,"Solid fit: NLP Engineer at Meesho (2.8 yrs); strongest on Retrieval & IR, Ranking & Eval Rigor; 6 core retrieval/ranking/LLM skills listed. explicit evaluation-rigor language in career history (A/B testing, offline-online correlation, or similar); describes production deployment, not just experimentation; SPDR projects meaningful growth toward the role over 6 months (fit 0.62 -> 0.71); limited evidence of Python & Systems Engineering, Vector / Hybrid Search Infra, a JD must-have; availability concern: 90d notice period; based in Chennai, Tamil Nadu (Tier-1 India city); profile flagged for review: career history totals 7.2y vs stated 2.8y experience."
CAND_0096172,32,0.6667,"Solid fit: NLP Engineer at Krutrim (5.2 yrs); strongest on Retrieval & IR, LLM Fine-tuning & Adaptation; 10 core retrieval/ranking/LLM skills listed. describes production deployment, not just experimentation; SPDR projects meaningful growth toward the role over 6 months (fit 0.62 -> 0.71); limited evidence of Python & Systems Engineering, Vector / Hybrid Search Infra, a JD must-have; availability concern: not flagged open-to-work; based in Chennai, Tamil Nadu (Tier-1 India city)."
CAND_0058575,33,0.6634,"Solid fit: AI Engineer at Krutrim (5.8 yrs); strongest on Retrieval & IR, Applied ML Core; 5 core retrieval/ranking/LLM skills listed. explicit evaluation-rigor language in career history (A/B testing, offline-online correlation, or similar); describes production deployment, not just experimentation; limited evidence of Ranking & Eval Rigor, Python & Systems Engineering, a JD must-have; availability concern: 90d notice period; based in Chennai, Tamil Nadu (Tier-1 India city)."
CAND_0066999,34,0.6634,"Solid fit: Recommendation Systems Engineer at Microsoft (5.9 yrs); strongest on Adjacent ML (CV/Speech), Retrieval & IR; 7 core retrieval/ranking/LLM skills listed. explicit evaluation-rigor language in career history (A/B testing, offline-online correlation, or similar); describes production deployment, not just experimentation; SPDR projects meaningful growth toward the role over 6 months (fit 0.60 -> 0.71); limited evidence of Vector / Hybrid Search Infra, a JD must-have; based in Delhi, Delhi (Tier-1 India city)."
CAND_0018549,35,0.6632,"Solid fit: Recommendation Systems Engineer at Uber (6.8 yrs); strongest on Ranking & Eval Rigor, Applied ML Core; 8 core retrieval/ranking/LLM skills listed. describes production deployment, not just experimentation; SPDR projects meaningful growth toward the role over 6 months (fit 0.64 -> 0.73); limited evidence of Vector / Hybrid Search Infra, a JD must-have; based in Coimbatore, Tamil Nadu, willing to relocate."
CAND_0076251,36,0.6617,"Solid fit: Search Engineer at Haptik (7.6 yrs); strongest on Retrieval & IR, Adjacent ML (CV/Speech); 9 core retrieval/ranking/LLM skills listed. describes production deployment, not just experimentation; limited evidence of Python & Systems Engineering, a JD must-have; based in Bhubaneswar, Odisha, willing to relocate."
CAND_0073620,37,0.6606,"Solid fit: AI Research Engineer at TCS (4.4 yrs); strongest on Adjacent ML (CV/Speech), Retrieval & IR; 5 core retrieval/ranking/LLM skills listed. describes production deployment, not just experimentation; SPDR projects meaningful growth toward the role over 6 months (fit 0.55 -> 0.65); limited evidence of Ranking & Eval Rigor, Python & Systems Engineering, a JD must-have; availability concern: 90d notice period; based in Noida, Uttar Pradesh (JD-preferred location)."
CAND_0047907,38,0.6601,"Solid fit: AI Research Engineer at Vedantu (6.6 yrs); strongest on Adjacent ML (CV/Speech), Retrieval & IR; 5 core retrieval/ranking/LLM skills listed. describes production deployment, not just experimentation; SPDR projects meaningful growth toward the role over 6 months (fit 0.56 -> 0.66); limited evidence of Ranking & Eval Rigor, Python & Systems Engineering, Vector / Hybrid Search Infra, a JD must-have; availability concern: not flagged open-to-work; 90d notice period; based in Pune, Maharashtra (JD-preferred location)."
CAND_0076831,39,0.659,"Solid fit: Search Engineer at Krutrim (4.0 yrs); strongest on Retrieval & IR, Adjacent ML (CV/Speech); 7 core retrieval/ranking/LLM skills listed. explicit evaluation-rigor language in career history (A/B testing, offline-online correlation, or similar); describes production deployment, not just experimentation; limited evidence of Python & Systems Engineering, a JD must-have; availability concern: 90d notice period; based in Delhi, Delhi (Tier-1 India city)."
CAND_0039754,40,0.656,"Solid fit: Senior Applied Scientist at Meta (16.2 yrs); strongest on Retrieval & IR, Applied ML Core; 10 core retrieval/ranking/LLM skills listed. explicit evaluation-rigor language in career history (A/B testing, offline-online correlation, or similar); SPDR projects meaningful growth toward the role over 6 months (fit 0.64 -> 0.73); limited evidence of Python & Systems Engineering, Vector / Hybrid Search Infra, a JD must-have; based in Indore, Madhya Pradesh, willing to relocate."
CAND_0098846,41,0.6555,"Solid fit: AI Engineer at upGrad (7.6 yrs); strongest on Adjacent ML (CV/Speech), Retrieval & IR; 7 core retrieval/ranking/LLM skills listed. explicit evaluation-rigor language in career history (A/B testing, offline-online correlation, or similar); describes production deployment, not just experimentation; limited evidence of Ranking & Eval Rigor, a JD must-have; based in Indore, Madhya Pradesh, willing to relocate."
CAND_0026532,42,0.6551,"Solid fit: Recommendation Systems Engineer at Zomato (4.8 yrs); strongest on Retrieval & IR, Ranking & Eval Rigor; 10 core retrieval/ranking/LLM skills listed. explicit evaluation-rigor language in career history (A/B testing, offline-online correlation, or similar); describes production deployment, not just experimentation; limited evidence of Python & Systems Engineering, Vector / Hybrid Search Infra, a JD must-have; availability concern: 90d notice period; based in Chennai, Tamil Nadu (Tier-1 India city)."
CAND_0015760,43,0.6546,"Solid fit: AI Research Engineer at InMobi (4.4 yrs); strongest on Retrieval & IR, Production / MLOps; 7 core retrieval/ranking/LLM skills listed. describes production deployment, not just experimentation; SPDR projects meaningful growth toward the role over 6 months (fit 0.61 -> 0.70); limited evidence of Python & Systems Engineering, Vector / Hybrid Search Infra, a JD must-have; availability concern: 120d notice period; based in Delhi, Delhi (Tier-1 India city)."
CAND_0087630,44,0.6539,"Solid fit: AI Engineer at Vedantu (7.2 yrs); strongest on Retrieval & IR, Adjacent ML (CV/Speech); 10 core retrieval/ranking/LLM skills listed. explicit evaluation-rigor language in career history (A/B testing, offline-online correlation, or similar); describes production deployment, not just experimentation; limited evidence of Python & Systems Engineering, a JD must-have; availability concern: inactive for 100d; not flagged open-to-work; based in Gurgaon, Haryana (Tier-1 India city)."
CAND_0083879,45,0.6529,"Solid fit: Machine Learning Engineer at Ola (7.1 yrs); strongest on Applied ML Core, Ranking & Eval Rigor; 5 core retrieval/ranking/LLM skills listed. explicit evaluation-rigor language in career history (A/B testing, offline-online correlation, or similar); describes production deployment, not just experimentation; SPDR projects meaningful growth toward the role over 6 months (fit 0.53 -> 0.64); limited evidence of Python & Systems Engineering, Vector / Hybrid Search Infra, a JD must-have; based in Noida, Uttar Pradesh (JD-preferred location)."
CAND_0019288,46,0.6519,"Solid fit: AI Research Engineer at Paytm (5.7 yrs); strongest on Applied ML Core, Adjacent ML (CV/Speech); 5 core retrieval/ranking/LLM skills listed. describes production deployment, not just experimentation; SPDR projects meaningful growth toward the role over 6 months (fit 0.54 -> 0.63); limited evidence of Ranking & Eval Rigor, Python & Systems Engineering, a JD must-have; based in Noida, Uttar Pradesh (JD-preferred location)."
CAND_0066376,47,0.6512,"Solid fit: Applied ML Engineer at Dream11 (5.7 yrs); strongest on Retrieval & IR, Applied ML Core; 11 core retrieval/ranking/LLM skills listed. describes production deployment, not just experimentation; SPDR projects meaningful growth toward the role over 6 months (fit 0.60 -> 0.70); limited evidence of Python & Systems Engineering, Vector / Hybrid Search Infra, a JD must-have; availability concern: 90d notice period; based in Mumbai, Maharashtra (Tier-1 India city)."
CAND_0008239,48,0.6511,"Solid fit: AI Engineer at Apple (4.0 yrs); strongest on Ranking & Eval Rigor, Python & Systems Engineering; 9 core retrieval/ranking/LLM skills listed. describes production deployment, not just experimentation; availability concern: inactive for 101d; based in Jaipur, Rajasthan, willing to relocate."
CAND_0099806,49,0.651,"Solid fit: AI Engineer at Mad Street Den (4.6 yrs); strongest on Ranking & Eval Rigor, Retrieval & IR; 11 core retrieval/ranking/LLM skills listed. explicit evaluation-rigor language in career history (A/B testing, offline-online correlation, or similar); describes production deployment, not just experimentation; limited evidence of Python & Systems Engineering, a JD must-have; based in Bhubaneswar, Odisha, willing to relocate."
CAND_0091534,50,0.6506,"Solid fit: AI Engineer at Flipkart (16.6 yrs); strongest on Adjacent ML (CV/Speech), Retrieval & IR; 6 core retrieval/ranking/LLM skills listed. explicit evaluation-rigor language in career history (A/B testing, offline-online correlation, or similar); describes production deployment, not just experimentation; SPDR projects meaningful growth toward the role over 6 months (fit 0.60 -> 0.70); limited evidence of Vector / Hybrid Search Infra, a JD must-have; availability concern: not flagged open-to-work; based in Gurgaon, Haryana (Tier-1 India city)."
CAND_0043312,51,0.6478,"Solid fit: AI Research Engineer at Haptik (4.2 yrs); strongest on Adjacent ML (CV/Speech), Vector / Hybrid Search Infra; 5 core retrieval/ranking/LLM skills listed. describes production deployment, not just experimentation; SPDR projects meaningful growth toward the role over 6 months (fit 0.54 -> 0.63); limited evidence of Ranking & Eval Rigor, Python & Systems Engineering, a JD must-have; availability concern: not flagged open-to-work; based in Noida, Uttar Pradesh (JD-preferred location)."
CAND_0062247,52,0.647,"Solid fit: AI Engineer at Google (7.3 yrs); strongest on Adjacent ML (CV/Speech), Retrieval & IR; 9 core retrieval/ranking/LLM skills listed. describes production deployment, not just experimentation; limited evidence of Python & Systems Engineering, a JD must-have; based in Kochi, Kerala, willing to relocate."
CAND_0075574,53,0.6449,"Solid fit: Machine Learning Engineer at Haptik (5.7 yrs); strongest on Applied ML Core, Ranking & Eval Rigor; 10 core retrieval/ranking/LLM skills listed. explicit evaluation-rigor language in career history (A/B testing, offline-online correlation, or similar); describes production deployment, not just experimentation; SPDR projects meaningful growth toward the role over 6 months (fit 0.59 -> 0.68); limited evidence of Vector / Hybrid Search Infra, a JD must-have; based in Bangalore, Karnataka (Tier-1 India city)."
CAND_0005260,54,0.6445,"Solid fit: Senior NLP Engineer at Netflix (5.2 yrs); strongest on Retrieval & IR, LLM Fine-tuning & Adaptation; 10 core retrieval/ranking/LLM skills listed. explicit evaluation-rigor language in career history (A/B testing, offline-online correlation, or similar); describes production deployment, not just experimentation; limited evidence of Vector / Hybrid Search Infra, a JD must-have; availability concern: not flagged open-to-work; based in Chennai, Tamil Nadu (Tier-1 India city)."
CAND_0076163,55,0.6445,"Solid fit: NLP Engineer at Ola (6.9 yrs); strongest on Retrieval & IR, Adjacent ML (CV/Speech); 9 core retrieval/ranking/LLM skills listed. explicit evaluation-rigor language in career history (A/B testing, offline-online correlation, or similar); describes production deployment, not just experimentation; SPDR projects meaningful growth toward the role over 6 months (fit 0.71 -> 0.79); limited evidence of Vector / Hybrid Search Infra, a JD must-have; based in Chandigarh, Chandigarh, not flagged willing to relocate."
CAND_0047721,56,0.6443,"Solid fit: Senior Data Scientist at Microsoft (7.0 yrs); strongest on Ranking & Eval Rigor, Adjacent ML (CV/Speech); 8 core retrieval/ranking/LLM skills listed. describes production deployment, not just experimentation; SPDR projects meaningful growth toward the role over 6 months (fit 0.64 -> 0.74); limited evidence of Vector / Hybrid Search Infra, a JD must-have; availability concern: not flagged open-to-work; 90d notice period; based in Coimbatore, Tamil Nadu, willing to relocate."
CAND_0084819,57,0.6438,"Solid fit: Search Engineer at Dream11 (4.5 yrs); strongest on Retrieval & IR, LLM Fine-tuning & Adaptation; 9 core retrieval/ranking/LLM skills listed. explicit evaluation-rigor language in career history (A/B testing, offline-online correlation, or similar); describes production deployment, not just experimentation; availability concern: 120d notice period; based in Indore, Madhya Pradesh, not flagged willing to relocate."
CAND_0079064,58,0.6432,"Solid fit: Senior Data Scientist at Niramai (5.2 yrs); strongest on Retrieval & IR, LLM Fine-tuning & Adaptation; 8 core retrieval/ranking/LLM skills listed. explicit evaluation-rigor language in career history (A/B testing, offline-online correlation, or similar); describes production deployment, not just experimentation; SPDR projects meaningful growth toward the role over 6 months (fit 0.53 -> 0.63); limited evidence of Ranking & Eval Rigor, Python & Systems Engineering, Vector / Hybrid Search Infra, a JD must-have; availability concern: 120d notice period; based in Noida, Uttar Pradesh (JD-preferred location)."
CAND_0017960,59,0.6425,"Solid fit: Recommendation Systems Engineer at Nykaa (7.7 yrs); strongest on Ranking & Eval Rigor, Retrieval & IR; 7 core retrieval/ranking/LLM skills listed. explicit evaluation-rigor language in career history (A/B testing, offline-online correlation, or similar); describes production deployment, not just experimentation; SPDR projects meaningful growth toward the role over 6 months (fit 0.59 -> 0.68); limited evidence of Python & Systems Engineering, Vector / Hybrid Search Infra, a JD must-have; based in Bangalore, Karnataka (Tier-1 India city)."
CAND_0054123,60,0.6417,"Solid fit: Applied ML Engineer at Meta (4.7 yrs); strongest on Retrieval & IR, Adjacent ML (CV/Speech); 9 core retrieval/ranking/LLM skills listed. describes production deployment, not just experimentation; SPDR projects meaningful growth toward the role over 6 months (fit 0.58 -> 0.70); limited evidence of Python & Systems Engineering, Vector / Hybrid Search Infra, a JD must-have; availability concern: not flagged open-to-work; based in Gurgaon, Haryana (Tier-1 India city)."
CAND_0022274,61,0.6394,"Solid fit: AI Research Engineer at Yellow.ai (4.5 yrs); strongest on Retrieval & IR, Adjacent ML (CV/Speech); 7 core retrieval/ranking/LLM skills listed. describes production deployment, not just experimentation; limited evidence of Python & Systems Engineering, a JD must-have; availability concern: not flagged open-to-work; based in Bhubaneswar, Odisha, willing to relocate."
CAND_0010257,62,0.6386,"Solid fit: Senior Data Scientist at Google (6.5 yrs); strongest on Ranking & Eval Rigor, Applied ML Core; 5 core retrieval/ranking/LLM skills listed. explicit evaluation-rigor language in career history (A/B testing, offline-online correlation, or similar); describes production deployment, not just experimentation; SPDR projects meaningful growth toward the role over 6 months (fit 0.53 -> 0.63); limited evidence of Retrieval & IR, Vector / Hybrid Search Infra, a JD must-have; availability concern: 120d notice period; based in Noida, Uttar Pradesh (JD-preferred location)."
CAND_0015065,63,0.6385,"Solid fit: AI Research Engineer at Flipkart (3.9 yrs); strongest on Retrieval & IR, Ranking & Eval Rigor; 6 core retrieval/ranking/LLM skills listed. describes production deployment, not just experimentation; limited evidence of Python & Systems Engineering, Vector / Hybrid Search Infra, a JD must-have; availability concern: 90d notice period; based in Delhi, Delhi (Tier-1 India city)."
CAND_0009837,64,0.6384,"Solid fit: Senior Data Scientist at Rephrase.ai (4.3 yrs); strongest on Ranking & Eval Rigor, Adjacent ML (CV/Speech); 7 core retrieval/ranking/LLM skills listed. explicit evaluation-rigor language in career history (A/B testing, offline-online correlation, or similar); describes production deployment, not just experimentation; SPDR projects meaningful growth toward the role over 6 months (fit 0.52 -> 0.64); limited evidence of Retrieval & IR, Vector / Hybrid Search Infra, a JD must-have; availability concern: not flagged open-to-work; based in Noida, Uttar Pradesh (JD-preferred location)."
CAND_0005649,65,0.6379,"Solid fit: Senior Data Scientist at Sarvam AI (7.4 yrs); strongest on Retrieval & IR, Applied ML Core; 9 core retrieval/ranking/LLM skills listed. explicit evaluation-rigor language in career history (A/B testing, offline-online correlation, or similar); describes production deployment, not just experimentation; SPDR projects meaningful growth toward the role over 6 months (fit 0.60 -> 0.68); limited evidence of Python & Systems Engineering, Vector / Hybrid Search Infra, a JD must-have; availability concern: 90d notice period; based in Delhi, Delhi (Tier-1 India city)."
CAND_0044855,66,0.6366,"Solid fit: Senior Data Scientist at Flipkart (6.6 yrs); strongest on Retrieval & IR, Adjacent ML (CV/Speech); 10 core retrieval/ranking/LLM skills listed. explicit evaluation-rigor language in career history (A/B testing, offline-online correlation, or similar); describes production deployment, not just experimentation; SPDR projects meaningful growth toward the role over 6 months (fit 0.63 -> 0.71); limited evidence of Python & Systems Engineering, Vector / Hybrid Search Infra, a JD must-have; availability concern: not flagged open-to-work; based in Coimbatore, Tamil Nadu, willing to relocate."
CAND_0008295,67,0.6342,"Solid fit: AI Research Engineer at Razorpay (6.5 yrs); strongest on Adjacent ML (CV/Speech), LLM Fine-tuning & Adaptation; 5 core retrieval/ranking/LLM skills listed. describes production deployment, not just experimentation; SPDR projects meaningful growth toward the role over 6 months (fit 0.51 -> 0.62); limited evidence of Ranking & Eval Rigor, Vector / Hybrid Search Infra, a JD must-have; based in Pune, Maharashtra (JD-preferred location)."
CAND_0060054,68,0.632,"Solid fit: AI Engineer at Mad Street Den (6.4 yrs); strongest on Retrieval & IR, Ranking & Eval Rigor; 6 core retrieval/ranking/LLM skills listed. explicit evaluation-rigor language in career history (A/B testing, offline-online correlation, or similar); describes production deployment, not just experimentation; limited evidence of Python & Systems Engineering, a JD must-have; availability concern: inactive for 99d; not flagged open-to-work; based in Jaipur, Rajasthan, willing to relocate."
CAND_0028793,69,0.6311,"Solid fit: Search Engineer at Google (7.2 yrs); strongest on Retrieval & IR, Ranking & Eval Rigor; 9 core retrieval/ranking/LLM skills listed. explicit evaluation-rigor language in career history (A/B testing, offline-online correlation, or similar); describes production deployment, not just experimentation; limited evidence of Python & Systems Engineering, a JD must-have; availability concern: 120d notice period; based in Trivandrum, Kerala, willing to relocate."
CAND_0011162,70,0.63,"Solid fit: Recommendation Systems Engineer at upGrad (5.8 yrs); strongest on Ranking & Eval Rigor, Retrieval & IR; 11 core retrieval/ranking/LLM skills listed. explicit evaluation-rigor language in career history (A/B testing, offline-online correlation, or similar); describes production deployment, not just experimentation; SPDR projects meaningful growth toward the role over 6 months (fit 0.61 -> 0.71); limited evidence of Python & Systems Engineering, Vector / Hybrid Search Infra, a JD must-have; availability concern: 90d notice period; based in Coimbatore, Tamil Nadu, willing to relocate."
CAND_0018888,71,0.6262,"Solid fit: AI Research Engineer at Razorpay (6.5 yrs); strongest on Adjacent ML (CV/Speech), Retrieval & IR; 4 core retrieval/ranking/LLM skills listed. describes production deployment, not just experimentation; SPDR projects meaningful growth toward the role over 6 months (fit 0.52 -> 0.62); limited evidence of Ranking & Eval Rigor, Python & Systems Engineering, a JD must-have; availability concern: not flagged open-to-work; based in Noida, Uttar Pradesh (JD-preferred location)."
CAND_0065195,72,0.6259,"Solid fit: Search Engineer at CRED (5.1 yrs); strongest on Retrieval & IR, LLM Fine-tuning & Adaptation; 8 core retrieval/ranking/LLM skills listed. explicit evaluation-rigor language in career history (A/B testing, offline-online correlation, or similar); describes production deployment, not just experimentation; limited evidence of Python & Systems Engineering, a JD must-have; based in Kolkata, West Bengal, not flagged willing to relocate."
CAND_0015578,73,0.625,"Solid fit: AI Engineer at Zoho (5.4 yrs); strongest on Retrieval & IR, LLM Fine-tuning & Adaptation; 8 core retrieval/ranking/LLM skills listed. explicit evaluation-rigor language in career history (A/B testing, offline-online correlation, or similar); describes production deployment, not just experimentation; SPDR projects meaningful growth toward the role over 6 months (fit 0.58 -> 0.67); limited evidence of Ranking & Eval Rigor, Python & Systems Engineering, a JD must-have; availability concern: 90d notice period; based in Delhi, Delhi (Tier-1 India city)."
CAND_0096142,74,0.6225,"Solid fit: Applied ML Engineer at upGrad (5.0 yrs); strongest on Ranking & Eval Rigor, Adjacent ML (CV/Speech); 7 core retrieval/ranking/LLM skills listed. explicit evaluation-rigor language in career history (A/B testing, offline-online correlation, or similar); describes production deployment, not just experimentation; limited evidence of Python & Systems Engineering, Vector / Hybrid Search Infra, a JD must-have; availability concern: 120d notice period; based in Hyderabad, Telangana (Tier-1 India city)."
CAND_0014440,75,0.6214,"Solid fit: Recommendation Systems Engineer at CRED (6.4 yrs); strongest on Ranking & Eval Rigor, Adjacent ML (CV/Speech); 5 core retrieval/ranking/LLM skills listed. describes production deployment, not just experimentation; SPDR projects meaningful growth toward the role over 6 months (fit 0.54 -> 0.68); limited evidence of Retrieval & IR, Vector / Hybrid Search Infra, a JD must-have; based in Chennai, Tamil Nadu (Tier-1 India city)."
CAND_0068777,76,0.6187,"Solid fit: AI Research Engineer at PolicyBazaar (6.6 yrs); strongest on Adjacent ML (CV/Speech), Applied ML Core; 7 core retrieval/ranking/LLM skills listed. describes production deployment, not just experimentation; limited evidence of Python & Systems Engineering, a JD must-have; availability concern: not flagged open-to-work; 120d notice period; based in Jaipur, Rajasthan, willing to relocate."
CAND_0077337,77,0.6175,"Solid fit: Staff Machine Learning Engineer at Paytm (7.0 yrs); strongest on Retrieval & IR, Applied ML Core; 13 core retrieval/ranking/LLM skills listed. explicit evaluation-rigor language in career history (A/B testing, offline-online correlation, or similar); SPDR projects meaningful growth toward the role over 6 months (fit 0.59 -> 0.69); limited evidence of Python & Systems Engineering, Vector / Hybrid Search Infra, a JD must-have; based in Kochi, Kerala, willing to relocate."
CAND_0098780,78,0.6169,"Solid fit: AI Research Engineer at Zomato (5.9 yrs); strongest on Applied ML Core, Retrieval & IR; 6 core retrieval/ranking/LLM skills listed. describes production deployment, not just experimentation; SPDR projects meaningful growth toward the role over 6 months (fit 0.57 -> 0.65); limited evidence of Ranking & Eval Rigor, Python & Systems Engineering, a JD must-have; based in Bangalore, Karnataka (Tier-1 India city)."
CAND_0024466,79,0.6148,"Solid fit: Search Engineer at PharmEasy (5.2 yrs); strongest on Retrieval & IR, Ranking & Eval Rigor; 10 core retrieval/ranking/LLM skills listed. describes production deployment, not just experimentation; availability concern: 120d notice period; based outside India (Toronto), willing to relocate -- no visa sponsorship offered."
CAND_0087364,80,0.6126,"Solid fit: Recommendation Systems Engineer at Glance (4.9 yrs); strongest on Adjacent ML (CV/Speech), Ranking & Eval Rigor; 7 core retrieval/ranking/LLM skills listed. explicit evaluation-rigor language in career history (A/B testing, offline-online correlation, or similar); describes production deployment, not just experimentation; SPDR projects meaningful growth toward the role over 6 months (fit 0.56 -> 0.66); limited evidence of Python & Systems Engineering, Vector / Hybrid Search Infra, a JD must-have; availability concern: not flagged open-to-work; based in Gurgaon, Haryana (Tier-1 India city)."
CAND_0062413,81,0.6102,"Solid fit: AI Research Engineer at upGrad (6.6 yrs); strongest on Adjacent ML (CV/Speech), Applied ML Core; 5 core retrieval/ranking/LLM skills listed. describes production deployment, not just experimentation; SPDR projects meaningful growth toward the role over 6 months (fit 0.56 -> 0.64); limited evidence of Python & Systems Engineering, a JD must-have; based in Mumbai, Maharashtra (Tier-1 India city)."
CAND_0027801,82,0.609,"Solid fit: NLP Engineer at InMobi (7.4 yrs); strongest on Adjacent ML (CV/Speech), Retrieval & IR; 7 core retrieval/ranking/LLM skills listed. explicit evaluation-rigor language in career history (A/B testing, offline-online correlation, or similar); describes production deployment, not just experimentation; SPDR projects meaningful growth toward the role over 6 months (fit 0.57 -> 0.65); limited evidence of Ranking & Eval Rigor, Python & Systems Engineering, Vector / Hybrid Search Infra, a JD must-have; availability concern: 120d notice period; based in Hyderabad, Telangana (Tier-1 India city)."
CAND_0036863,83,0.6076,"Solid fit: Senior Data Scientist at upGrad (4.3 yrs); strongest on Adjacent ML (CV/Speech), Ranking & Eval Rigor; 7 core retrieval/ranking/LLM skills listed. explicit evaluation-rigor language in career history (A/B testing, offline-online correlation, or similar); describes production deployment, not just experimentation; SPDR projects meaningful growth toward the role over 6 months (fit 0.54 -> 0.66); limited evidence of Retrieval & IR, Vector / Hybrid Search Infra, a JD must-have; based in Chennai, Tamil Nadu (Tier-1 India city)."
CAND_0092706,84,0.6076,"Solid fit: AI Research Engineer at Unacademy (5.8 yrs); strongest on Retrieval & IR, Production / MLOps; 4 core retrieval/ranking/LLM skills listed. describes production deployment, not just experimentation; SPDR projects meaningful growth toward the role over 6 months (fit 0.56 -> 0.65); limited evidence of Ranking & Eval Rigor, Python & Systems Engineering, Vector / Hybrid Search Infra, a JD must-have; availability concern: 120d notice period; based in Delhi, Delhi (Tier-1 India city)."
CAND_0064904,85,0.6064,"Solid fit: AI Engineer at LinkedIn (4.9 yrs); strongest on Retrieval & IR, LLM Fine-tuning & Adaptation; 9 core retrieval/ranking/LLM skills listed. describes production deployment, not just experimentation; limited evidence of Ranking & Eval Rigor, a JD must-have; availability concern: inactive for 99d; 90d notice period; based in Hyderabad, Telangana (Tier-1 India city)."
CAND_0037566,86,0.6061,"Solid fit: Machine Learning Engineer at LinkedIn (6.9 yrs); strongest on Retrieval & IR, LLM Fine-tuning & Adaptation; 9 core retrieval/ranking/LLM skills listed. explicit evaluation-rigor language in career history (A/B testing, offline-online correlation, or similar); describes production deployment, not just experimentation; SPDR projects meaningful growth toward the role over 6 months (fit 0.54 -> 0.65); limited evidence of Ranking & Eval Rigor, Python & Systems Engineering, Vector / Hybrid Search Infra, a JD must-have; based in Bangalore, Karnataka (Tier-1 India city)."
CAND_0073450,87,0.6045,"Solid fit: AI Research Engineer at Wysa (3.6 yrs); strongest on Retrieval & IR, Applied ML Core; 5 core retrieval/ranking/LLM skills listed. describes production deployment, not just experimentation; SPDR projects meaningful growth toward the role over 6 months (fit 0.56 -> 0.65); limited evidence of Ranking & Eval Rigor, Python & Systems Engineering, a JD must-have; availability concern: 27% recruiter response rate; not flagged open-to-work; based in Noida, Uttar Pradesh (JD-preferred location)."
CAND_0081053,88,0.6032,"Solid fit: NLP Engineer at Glance (5.4 yrs); strongest on Adjacent ML (CV/Speech), Retrieval & IR; 9 core retrieval/ranking/LLM skills listed. describes production deployment, not just experimentation; SPDR projects meaningful growth toward the role over 6 months (fit 0.60 -> 0.68); limited evidence of Ranking & Eval Rigor, Python & Systems Engineering, Vector / Hybrid Search Infra, a JD must-have; availability concern: 90d notice period; based in Chandigarh, Chandigarh, willing to relocate."
CAND_0050876,89,0.6027,"Solid fit: Applied ML Engineer at Freshworks (6.0 yrs); strongest on Applied ML Core, Ranking & Eval Rigor; 7 core retrieval/ranking/LLM skills listed. describes production deployment, not just experimentation; limited evidence of Vector / Hybrid Search Infra, a JD must-have; availability concern: 90d notice period; based in Kolkata, West Bengal, not flagged willing to relocate."
CAND_0042029,90,0.6025,"Solid fit: Senior Data Scientist at Flipkart (6.5 yrs); strongest on Adjacent ML (CV/Speech), Applied ML Core; 9 core retrieval/ranking/LLM skills listed. explicit evaluation-rigor language in career history (A/B testing, offline-online correlation, or similar); describes production deployment, not just experimentation; SPDR projects meaningful growth toward the role over 6 months (fit 0.55 -> 0.65); limited evidence of Python & Systems Engineering, Vector / Hybrid Search Infra, a JD must-have; availability concern: not flagged open-to-work; based in Delhi, Delhi (Tier-1 India city)."
CAND_0094056,91,0.6022,"Solid fit: NLP Engineer at Rephrase.ai (5.9 yrs); strongest on Retrieval & IR, Adjacent ML (CV/Speech); 10 core retrieval/ranking/LLM skills listed. describes production deployment, not just experimentation; SPDR projects meaningful growth toward the role over 6 months (fit 0.56 -> 0.66); limited evidence of Ranking & Eval Rigor, Python & Systems Engineering, Vector / Hybrid Search Infra, a JD must-have; availability concern: not flagged open-to-work; 120d notice period; based in Chennai, Tamil Nadu (Tier-1 India city)."
CAND_0079387,92,0.601,"Solid fit: AI Engineer at Microsoft (6.9 yrs); strongest on Retrieval & IR, Non-ML Skills; 9 core retrieval/ranking/LLM skills listed. explicit evaluation-rigor language in career history (A/B testing, offline-online correlation, or similar); describes production deployment, not just experimentation; limited evidence of Python & Systems Engineering, a JD must-have; based in Trivandrum, Kerala, not flagged willing to relocate."
CAND_0091909,93,0.6002,"Solid fit: Machine Learning Engineer at Rephrase.ai (6.9 yrs); strongest on Ranking & Eval Rigor, Retrieval & IR; 9 core retrieval/ranking/LLM skills listed. explicit evaluation-rigor language in career history (A/B testing, offline-online correlation, or similar); describes production deployment, not just experimentation; SPDR projects meaningful growth toward the role over 6 months (fit 0.63 -> 0.73); limited evidence of Python & Systems Engineering, Vector / Hybrid Search Infra, a JD must-have; availability concern: inactive for 98d; based in Bangalore, Karnataka (Tier-1 India city)."
CAND_0088025,94,0.5999,"Solid fit: Staff Machine Learning Engineer at Yellow.ai (8.6 yrs); strongest on Retrieval & IR, Applied ML Core; 12 core retrieval/ranking/LLM skills listed. SPDR projects meaningful growth toward the role over 6 months (fit 0.66 -> 0.75); limited evidence of Python & Systems Engineering, Vector / Hybrid Search Infra, a JD must-have; availability concern: 90d notice period; based in Jaipur, Rajasthan, not flagged willing to relocate."
CAND_0001610,95,0.5994,"Solid fit: Machine Learning Engineer at Dream11 (3.0 yrs); strongest on Retrieval & IR, Applied ML Core; 8 core retrieval/ranking/LLM skills listed. explicit evaluation-rigor language in career history (A/B testing, offline-online correlation, or similar); describes production deployment, not just experimentation; SPDR projects meaningful growth toward the role over 6 months (fit 0.59 -> 0.67); limited evidence of Python & Systems Engineering, Vector / Hybrid Search Infra, a JD must-have; availability concern: 90d notice period; based in Trivandrum, Kerala, willing to relocate; profile flagged for review: career history totals 5.1y vs stated 3.0y experience."
CAND_0006567,96,0.5969,"Solid fit: Senior AI Engineer at Meta (7.9 yrs); strongest on Retrieval & IR, LLM Fine-tuning & Adaptation; 12 core retrieval/ranking/LLM skills listed. describes production deployment, not just experimentation; SPDR projects meaningful growth toward the role over 6 months (fit 0.47 -> 0.59); limited evidence of Ranking & Eval Rigor, Python & Systems Engineering, Vector / Hybrid Search Infra, a JD must-have; based in Noida, Uttar Pradesh (JD-preferred location)."
CAND_0024630,97,0.5964,"Solid fit: AI Research Engineer at Observe.AI (3.0 yrs); strongest on Applied ML Core, Adjacent ML (CV/Speech); 5 core retrieval/ranking/LLM skills listed. describes production deployment, not just experimentation; SPDR projects meaningful growth toward the role over 6 months (fit 0.54 -> 0.65); limited evidence of Python & Systems Engineering, Vector / Hybrid Search Infra, a JD must-have; availability concern: 90d notice period; based in Gurgaon, Haryana (Tier-1 India city)."
CAND_0081852,98,0.5962,"Solid fit: Senior Data Scientist at Mad Street Den (5.9 yrs); strongest on Retrieval & IR, Adjacent ML (CV/Speech); 7 core retrieval/ranking/LLM skills listed. explicit evaluation-rigor language in career history (A/B testing, offline-online correlation, or similar); describes production deployment, not just experimentation; SPDR projects meaningful growth toward the role over 6 months (fit 0.53 -> 0.64); limited evidence of Ranking & Eval Rigor, Python & Systems Engineering, Vector / Hybrid Search Infra, a JD must-have; based in Delhi, Delhi (Tier-1 India city)."
CAND_0045250,99,0.596,"Solid fit: Applied ML Engineer at Rephrase.ai (6.6 yrs); strongest on Adjacent ML (CV/Speech), Applied ML Core; 11 core retrieval/ranking/LLM skills listed. explicit evaluation-rigor language in career history (A/B testing, offline-online correlation, or similar); describes production deployment, not just experimentation; SPDR projects meaningful growth toward the role over 6 months (fit 0.54 -> 0.65); limited evidence of Python & Systems Engineering, Vector / Hybrid Search Infra, a JD must-have; availability concern: not flagged open-to-work; based in Delhi, Delhi (Tier-1 India city)."
CAND_0014858,100,0.5955,"Solid fit: AI Research Engineer at Aganitha (4.9 yrs); strongest on Retrieval & IR, Adjacent ML (CV/Speech); 7 core retrieval/ranking/LLM skills listed. describes production deployment, not just experimentation; SPDR projects meaningful growth toward the role over 6 months (fit 0.56 -> 0.64); limited evidence of Ranking & Eval Rigor, Python & Systems Engineering, a JD must-have; availability concern: 90d notice period; based in Chennai, Tamil Nadu (Tier-1 India city)."
